year,code,trade_value_usd,net_weight_kg,country,iso3,iso_numeric,region
2018,4,368.6,75.0,Afghanistan,AFG,4.0,Asia
2018,8,232454.257,7475.39,Albania,ALB,8.0,Europe
2018,20,969657.135,14500.293,Andorra,AND,20.0,Europe
2018,24,175498.322,229488.908,Angola,AGO,24.0,Africa
2018,28,5536.294,253.86,Antigua and Barbuda,ATG,28.0,North America
2018,31,84004.69,18263.43,Azerbaijan,AZE,31.0,Asia
2018,32,41873307.27,2520239.1,Argentina,ARG,32.0,Latin America
2018,36,451826085.016,18695498.127,Australia,AUS,36.0,Oceania
2018,40,194781861.796,5607343.52,Austria,AUT,40.0,Europe
2018,44,30494.74,3123.888,Bahamas,BHS,44.0,North America
2018,48,1205855.022,312167.43,Bahrain,BHR,48.0,Asia
2018,50,114974.144,20151.0,Bangladesh,BGD,50.0,South Asia
2018,51,577566.52,94220.196,Armenia,ARM,51.0,Asia
2018,52,1505477.0,,Barbados,BRB,52.0,North America
2018,56,1213329996.574,36339729.841,Belgium,BEL,56.0,Europe
2018,60,524.05,39.0,Bermuda,BMU,60.0,North America
2018,68,83681.98,2554.12,Bolivia (Plurinational State of),BOL,68.0,Latin America
2018,70,1199988.84,90212.25,Bosnia Herzegovina,BIH,70.0,Europe
2018,72,133286.13,22541.27,Botswana,BWA,72.0,Africa
2018,76,92294668.0,5237793.021,Brazil,BRA,76.0,Latin America
2018,84,136367.305,24161.982,Belize,BLZ,84.0,North America
2018,96,49653.769,4151.25,Brunei Darussalam,BRN,96.0,Asia
2018,100,53580810.658,5324379.883,Bulgaria,BGR,100.0,Europe
2018,104,1687031.188,394856.107,Myanmar,MMR,104.0,SE Asia
2018,108,18140.956,21864.0,Burundi,BDI,108.0,Africa
2018,112,56810800.0,5383846.492,Belarus,BLR,112.0,Europe
2018,116,20948.61,880.01,Cambodia,KHM,116.0,SE Asia
2018,120,5631112.338,1676605.0,Cameroon,CMR,120.0,Africa
2018,124,1305367679.573,42434877.263,Canada,CAN,124.0,North America
2018,152,35316666.055,0.0,Chile,CHL,152.0,Latin America
2018,156,2467889213.0,0.0,China,CHN,156.0,East Asia
2018,170,174842604.28,20886719.44,Colombia,COL,170.0,Latin America
2018,174,6076.578,5010.0,Comoros,COM,174.0,Africa
2018,178,215913.701,2450.03,Congo,COG,178.0,Africa
2018,180,1666730.42,3877116.0,Dem. Rep. of the Congo,COD,180.0,Africa
2018,188,2372617.1,237132.739,Costa Rica,CRI,188.0,North America
2018,191,89506849.0,3562967.689,Croatia,HRV,191.0,Europe
2018,192,10621.4,814.37,Cuba,CUB,192.0,North America
2018,196,7462366.84,116016.292,Cyprus,CYP,196.0,Asia
2018,203,461725835.0,18083485.553,Czechia,CZE,203.0,Europe
2018,204,84353.512,141331.0,Benin,BEN,204.0,Africa
2018,208,243609395.412,8543819.0,Denmark,DNK,208.0,Europe
2018,212,822.591,135.0,Dominica,DMA,212.0,North America
2018,214,24565932.84,4352964.857,Dominican Rep.,DOM,214.0,North America
2018,218,467319.387,35326.106,Ecuador,ECU,218.0,Latin America
2018,222,1625589.75,526309.29,El Salvador,SLV,222.0,North America
2018,231,15196.406,31216.48,Ethiopia,ETH,231.0,Africa
2018,233,43523661.097,0.0,Estonia,EST,233.0,Europe
2018,242,2567858.055,216960.891,Fiji,FJI,242.0,Oceania
2018,246,31548863.35,717665.954,Finland,FIN,246.0,Europe
2018,251,9599422140.66,356615073.853,France,FRA,250.0,Europe
2018,258,3832121.038,323880.566,French Polynesia,PYF,258.0,Oceania
2018,266,6294.487,1169.0,Gabon,GAB,266.0,Africa
2018,268,6883195.98,323863.8,Georgia,GEO,268.0,Asia
2018,275,3735213.357,152348.822,State of Palestine,PSE,275.0,Asia
2018,276,3866376180.903,237021709.135,Germany,DEU,276.0,Europe
2018,288,4835847.518,2075141.85,Ghana,GHA,288.0,Africa
2018,300,162259795.373,16681703.0,Greece,GRC,300.0,Europe
2018,304,130.15,8.0,Greenland,GRL,304.0,North America
2018,308,39824.775,1179.0,Grenada,GRD,308.0,North America
2018,320,30921200.0,6988392.0,Guatemala,GTM,320.0,North America
2018,328,3374.214,869.19,Guyana,GUY,328.0,Latin America
2018,340,484300.25,168415.8,Honduras,HND,340.0,North America
2018,344,2534535879.851,99826793.157,"China, Hong Kong SAR",HKG,344.0,East Asia
2018,348,208280322.0,,Hungary,HUN,348.0,Europe
2018,352,10169990.07,69131.605,Iceland,ISL,352.0,Europe
2018,360,134148530.4,0.0,Indonesia,IDN,360.0,SE Asia
2018,364,6604953.0,1664876.0,Iran,IRN,364.0,MENA
2018,372,184517977.044,25647797.771,Ireland,IRL,372.0,Europe
2018,376,270213000.0,11287342.371,Israel,ISR,376.0,MENA
2018,380,2340265738.977,85315704.0,Italy,ITA,380.0,Europe
2018,384,174801476.427,81145338.0,Côte d'Ivoire,CIV,384.0,Africa
2018,388,1641283.19,180943.33,Jamaica,JAM,388.0,North America
2018,392,3894732818.471,81522478.0,Japan,JPN,392.0,East Asia
2018,398,3789505.66,535302.22,Kazakhstan,KAZ,398.0,Asia
2018,400,22887956.919,3324826.0,Jordan,JOR,400.0,MENA
2018,404,9698419.674,3538359.952,Kenya,KEN,404.0,Africa
2018,410,4923472867.0,195903641.405,Rep. of Korea,KOR,410.0,East Asia
2018,414,4674679.0,236135.0,Kuwait,KWT,414.0,MENA
2018,417,309327.0,75037.0,Kyrgyzstan,KGZ,417.0,Asia
2018,418,389825.0,15650.908,Lao People's Dem. Rep.,LAO,418.0,Asia
2018,422,32642325.0,1279626.151,Lebanon,LBN,422.0,MENA
2018,426,472299.789,151083.319,Lesotho,LSO,426.0,Africa
2018,428,57453393.205,1553517.42,Latvia,LVA,428.0,Europe
2018,430,479.15,3147.0,Liberia,LBR,430.0,Africa
2018,440,154989250.0,4592061.172,Lithuania,LTU,440.0,Europe
2018,442,96076115.748,12654440.966,Luxembourg,LUX,442.0,Europe
2018,446,48071007.912,0.0,"China, Macao SAR",MAC,446.0,Asia
2018,450,37519.501,3730.28,Madagascar,MDG,450.0,Africa
2018,454,9535.801,6709.566,Malawi,MWI,454.0,Africa
2018,458,162268607.43,31174287.47,Malaysia,MYS,458.0,SE Asia
2018,466,402180.77,247428.0,Mali,MLI,466.0,Africa
2018,470,6280380.661,103834.901,Malta,MLT,470.0,Europe
2018,480,8663718.557,106791.0,Mauritius,MUS,480.0,Africa
2018,484,296720451.0,0.0,Mexico,MEX,484.0,North America
2018,490,628141379.9,19212148.407,"Other Asia, nes",S19,,Other
2018,496,98656.64,9226.9,Mongolia,MNG,496.0,East Asia
2018,498,2618646.0,,Rep. of Moldova,MDA,498.0,Europe
2018,499,358151.214,7641.17,Montenegro,MNE,499.0,Europe
2018,500,201.252,20.0,Montserrat,MSR,500.0,North America
2018,504,40436275.314,824335.06,Morocco,MAR,504.0,Africa
2018,508,60752.47,69978.0,Mozambique,MOZ,508.0,Africa
2018,512,27816621.684,2364374.0,Oman,OMN,512.0,Asia
2018,516,337035.963,0.0,Namibia,NAM,516.0,Africa
2018,524,1037703.42,36213.719,Nepal,NPL,524.0,Asia
2018,528,1081969298.8,75640840.0,Netherlands,NLD,528.0,Europe
2018,531,879215.403,54197.265,Curaçao,CUW,531.0,North America
2018,533,1619441.289,59292.77,Aruba,ABW,533.0,North America
2018,554,101781868.73,0.0,New Zealand,NZL,554.0,Oceania
2018,558,69785.81,12349.46,Nicaragua,NIC,558.0,North America
2018,562,1569999.014,3374445.0,Niger,NER,562.0,Africa
2018,566,1304508.875,500908.0,Nigeria,NGA,566.0,Africa
2018,579,17498021.099,336064.0,Norway,NOR,578.0,Europe
2018,586,7139817.816,1065748.0,Pakistan,PAK,586.0,South Asia
2018,591,100545424.0,3304637.389,Panama,PAN,591.0,North America
2018,600,697915.0,93972.0,Paraguay,PRY,600.0,Latin America
2018,604,21840442.49,1873207.23,Peru,PER,604.0,Latin America
2018,608,23588321.0,2981838.36,Philippines,PHL,608.0,SE Asia
2018,616,1684148385.0,193410912.765,Poland,POL,616.0,Europe
2018,620,47493557.774,3214079.135,Portugal,PRT,620.0,Europe
2018,634,200432.659,0.0,Qatar,QAT,634.0,MENA
2018,642,47032220.11,2900515.586,Romania,ROU,642.0,Europe
2018,643,174999963.98,17262847.26,Russian Federation,RUS,643.0,Europe
2018,646,1298676.569,0.0,Rwanda,RWA,646.0,Africa
2018,662,334700.74,7597.719,Saint Lucia,LCA,662.0,North America
2018,670,80.504,4.0,Saint Vincent and the Grenadines,VCT,670.0,North America
2018,678,56.411,57.0,Sao Tome and Principe,STP,678.0,Africa
2018,682,8267270.1,248561.861,Saudi Arabia,SAU,682.0,MENA
2018,686,52114507.956,20662598.0,Senegal,SEN,686.0,Africa
2018,688,22306398.0,1301977.328,Serbia,SRB,688.0,Europe
2018,694,9263.65,1109.0,Sierra Leone,SLE,694.0,Africa
2018,699,171216976.497,30822513.231,India,IND,356.0,South Asia
2018,702,5180894750.0,189055867.875,Singapore,SGP,702.0,SE Asia
2018,703,61474924.231,10124596.757,Slovakia,SVK,703.0,Europe
2018,704,82462634.6,3291846.806,Viet Nam,VNM,704.0,SE Asia
2018,705,82381712.67,6134731.756,Slovenia,SVN,705.0,Europe
2018,710,281680142.487,56380438.218,South Africa,ZAF,710.0,Africa
2018,716,51157.09,16120.62,Zimbabwe,ZWE,716.0,Africa
2018,724,1125573294.57,150917546.645,Spain,ESP,724.0,Europe
2018,729,231.0,,Sudan,SDN,729.0,Africa
2018,740,2879.783,437.0,Suriname,SUR,740.0,Latin America
2018,748,24865.854,71925.49,Eswatini,SWZ,748.0,Africa
2018,752,213498608.075,9524242.242,Sweden,SWE,752.0,Europe
2018,757,1328979114.07,19062883.471,Switzerland,CHE,756.0,Europe
2018,762,9485.0,27100.0,Tajikistan,TJK,762.0,Asia
2018,764,614958878.7,,Thailand,THA,764.0,SE Asia
2018,768,62366933.494,14752270.0,Togo,TGO,768.0,Africa
2018,776,557.829,15.639,Tonga,TON,776.0,Oceania
2018,780,1048625.019,111130.414,Trinidad and Tobago,TTO,780.0,North America
2018,784,1079942816.245,77848547.964,United Arab Emirates,ARE,784.0,MENA
2018,788,14106869.193,540716.0,Tunisia,TUN,788.0,Africa
2018,792,207438496.0,18291927.0,Türkiye,TUR,792.0,MENA
2018,800,5649389.18,3553718.0,Uganda,UGA,800.0,Africa
2018,804,45111458.54,2667682.803,Ukraine,UKR,804.0,Europe
2018,807,5714470.24,493242.454,North Macedonia,MKD,807.0,Europe
2018,818,18701152.31,760750.886,Egypt,EGY,818.0,MENA
2018,826,2213379300.078,102516530.885,United Kingdom,GBR,826.0,Europe
2018,834,38556921.435,14533543.878,United Rep. of Tanzania,TZA,834.0,Africa
2018,842,5806252195.0,202065236.713,USA,USA,840.0,North America
2018,854,9282.165,128.0,Burkina Faso,BFA,854.0,Africa
2018,858,417152.0,31649.37,Uruguay,URY,858.0,Latin America
2018,860,143197.0,103301.44,Uzbekistan,UZB,860.0,Asia
2018,882,10524.009,409.231,Samoa,WSM,882.0,Oceania
2018,894,148750.15,40464.0,Zambia,ZMB,894.0,Africa
2019,4,47094.39,13038.0,Afghanistan,AFG,4.0,Asia
2019,8,890910.067,0.0,Albania,ALB,8.0,Europe
2019,20,705713.526,7645.871,Andorra,AND,20.0,Europe
2019,24,243706.175,75681.744,Angola,AGO,24.0,Africa
2019,28,4376.967,201.96,Antigua and Barbuda,ATG,28.0,North America
2019,31,95623.69,10944.65,Azerbaijan,AZE,31.0,Asia
2019,32,41514113.5,2741728.43,Argentina,ARG,32.0,Latin America
2019,36,511702073.366,21815263.462,Australia,AUS,36.0,Oceania
2019,40,232043425.645,5900941.892,Austria,AUT,40.0,Europe
2019,44,68036.76,3373.364,Bahamas,BHS,44.0,North America
2019,48,1251026.52,65456.56,Bahrain,BHR,48.0,Asia
2019,51,726048.18,55378.454,Armenia,ARM,51.0,Asia
2019,52,767062.0,25521.928,Barbados,BRB,52.0,North America
2019,56,1175517317.049,39064243.19,Belgium,BEL,56.0,Europe
2019,60,1889.53,117.0,Bermuda,BMU,60.0,North America
2019,68,26848.99,2668.87,Bolivia (Plurinational State of),BOL,68.0,Latin America
2019,70,1463563.71,89882.28,Bosnia Herzegovina,BIH,70.0,Europe
2019,72,90277.467,30882.17,Botswana,BWA,72.0,Africa
2019,76,92275045.0,5522502.428,Brazil,BRA,76.0,Latin America
2019,84,74016.065,12218.055,Belize,BLZ,84.0,North America
2019,96,82731.26,3864.11,Brunei Darussalam,BRN,96.0,Asia
2019,100,50493346.151,3873462.894,Bulgaria,BGR,100.0,Europe
2019,104,3187839.83,493337.111,Myanmar,MMR,104.0,SE Asia
2019,108,7473.784,7218.0,Burundi,BDI,108.0,Africa
2019,112,67034200.0,5657447.0,Belarus,BLR,112.0,Europe
2019,116,20.05,1.0,Cambodia,KHM,116.0,SE Asia
2019,120,6888554.54,2327412.0,Cameroon,CMR,120.0,Africa
2019,124,1288257674.663,45030767.568,Canada,CAN,124.0,North America
2019,132,15341.247,336.0,Cabo Verde,CPV,132.0,Africa
2019,144,4261560.198,310979.03,Sri Lanka,LKA,144.0,South Asia
2019,152,31970135.388,0.0,Chile,CHL,152.0,Latin America
2019,156,2773423008.0,210119586.034,China,CHN,156.0,East Asia
2019,170,188066744.29,20852337.31,Colombia,COL,170.0,Latin America
2019,174,1994.821,1704.0,Comoros,COM,174.0,Africa
2019,178,127329.549,6711.1,Congo,COG,178.0,Africa
2019,180,774489.466,1799866.827,Dem. Rep. of the Congo,COD,180.0,Africa
2019,188,5597830.49,510911.833,Costa Rica,CRI,188.0,North America
2019,191,102242066.0,3321462.68,Croatia,HRV,191.0,Europe
2019,192,86578.72,4586.82,Cuba,CUB,192.0,North America
2019,196,9501113.547,168010.325,Cyprus,CYP,196.0,Asia
2019,203,742792259.0,35611402.614,Czechia,CZE,203.0,Europe
2019,204,49274.266,81187.0,Benin,BEN,204.0,Africa
2019,208,252613031.196,8300038.0,Denmark,DNK,208.0,Europe
2019,212,896.646,64.0,Dominica,DMA,212.0,North America
2019,214,22234321.189,3116733.908,Dominican Rep.,DOM,214.0,North America
2019,218,675123.62,36322.7,Ecuador,ECU,218.0,Latin America
2019,222,2109082.84,799657.66,El Salvador,SLV,222.0,North America
2019,231,34229.08,17057.78,Ethiopia,ETH,231.0,Africa
2019,233,47313499.012,1973956.643,Estonia,EST,233.0,Europe
2019,242,3186339.696,234287.259,Fiji,FJI,242.0,Oceania
2019,246,36417650.823,40516.498,Finland,FIN,246.0,Europe
2019,251,9981133190.676,372957416.387,France,FRA,250.0,Europe
2019,258,3338314.953,328074.807,French Polynesia,PYF,258.0,Oceania
2019,266,9156.313,410.0,Gabon,GAB,266.0,Africa
2019,268,6814401.07,294474.53,Georgia,GEO,268.0,Asia
2019,275,4070579.26,172057.862,State of Palestine,PSE,275.0,Asia
2019,276,3821080710.882,213852107.55,Germany,DEU,276.0,Europe
2019,288,3583305.518,1748024.0,Ghana,GHA,288.0,Africa
2019,300,174804311.812,21599248.0,Greece,GRC,300.0,Europe
2019,308,3234.445,52.0,Grenada,GRD,308.0,North America
2019,320,30638319.0,6277365.278,Guatemala,GTM,320.0,North America
2019,328,2355.841,496.21,Guyana,GUY,328.0,Latin America
2019,340,566955.14,204101.37,Honduras,HND,340.0,North America
2019,344,3112390958.767,,"China, Hong Kong SAR",HKG,344.0,East Asia
2019,348,182862563.0,0.0,Hungary,HUN,348.0,Europe
2019,352,9656440.166,63202.571,Iceland,ISL,352.0,Europe
2019,360,122669551.85,21005432.191,Indonesia,IDN,360.0,SE Asia
2019,364,5090102.091,1739716.98,Iran,IRN,364.0,MENA
2019,372,165428761.302,30441191.417,Ireland,IRL,372.0,Europe
2019,376,260706000.0,,Israel,ISR,376.0,MENA
2019,380,2277849621.789,88154983.0,Italy,ITA,380.0,Europe
2019,384,154469402.145,74304359.0,Côte d'Ivoire,CIV,384.0,Africa
2019,388,1839621.22,0.0,Jamaica,JAM,388.0,North America
2019,392,4416612626.263,83584993.0,Japan,JPN,392.0,East Asia
2019,398,2367325.82,301398.352,Kazakhstan,KAZ,398.0,Asia
2019,400,18142453.106,2731793.0,Jordan,JOR,400.0,MENA
2019,404,10874214.87,3908902.99,Kenya,KEN,404.0,Africa
2019,410,5322258624.0,211277716.093,Rep. of Korea,KOR,410.0,East Asia
2019,414,18597693.0,825569.83,Kuwait,KWT,414.0,MENA
2019,417,11624042.0,1207303.039,Kyrgyzstan,KGZ,417.0,Asia
2019,418,521700.26,156807.53,Lao People's Dem. Rep.,LAO,418.0,Asia
2019,422,34713586.76,2114958.47,Lebanon,LBN,422.0,MENA
2019,426,656458.711,309524.361,Lesotho,LSO,426.0,Africa
2019,428,60382810.561,1545910.65,Latvia,LVA,428.0,Europe
2019,430,550.0,2880.0,Liberia,LBR,430.0,Africa
2019,440,175605545.97,4769422.515,Lithuania,LTU,440.0,Europe
2019,442,100126552.256,10478768.393,Luxembourg,LUX,442.0,Europe
2019,446,40497434.733,0.0,"China, Macao SAR",MAC,446.0,Asia
2019,450,27390.737,869.76,Madagascar,MDG,450.0,Africa
2019,454,96606.878,131535.0,Malawi,MWI,454.0,Africa
2019,458,150883180.913,30940728.9,Malaysia,MYS,458.0,SE Asia
2019,466,356938.6,242650.0,Mali,MLI,466.0,Africa
2019,470,7931817.213,84149.351,Malta,MLT,470.0,Europe
2019,480,4396901.323,73604.0,Mauritius,MUS,480.0,Africa
2019,484,331703974.0,0.0,Mexico,MEX,484.0,North America
2019,490,541034214.66,16301934.168,"Other Asia, nes",S19,,Other
2019,496,229310.93,36954.73,Mongolia,MNG,496.0,East Asia
2019,498,2820060.0,0.0,Rep. of Moldova,MDA,498.0,Europe
2019,499,261278.009,12956.4,Montenegro,MNE,499.0,Europe
2019,500,146.322,4.0,Montserrat,MSR,500.0,North America
2019,504,41650034.68,800333.491,Morocco,MAR,504.0,Africa
2019,508,15009.63,4811.0,Mozambique,MOZ,508.0,Africa
2019,512,23821176.01,1493640.0,Oman,OMN,512.0,Asia
2019,516,459508.998,442944.101,Namibia,NAM,516.0,Africa
2019,524,982355.89,39659.312,Nepal,NPL,524.0,Asia
2019,528,1085094132.918,75924510.0,Netherlands,NLD,528.0,Europe
2019,531,1202114.44,64679.916,Curaçao,CUW,531.0,North America
2019,533,1875121.169,81849.18,Aruba,ABW,533.0,North America
2019,554,88617287.737,0.0,New Zealand,NZL,554.0,Oceania
2019,558,114566.31,16918.85,Nicaragua,NIC,558.0,North America
2019,562,219825.289,356000.0,Niger,NER,562.0,Africa
2019,566,453018.02,166252.0,Nigeria,NGA,566.0,Africa
2019,579,20587307.15,405118.0,Norway,NOR,578.0,Europe
2019,586,9716060.917,1170432.0,Pakistan,PAK,586.0,South Asia
2019,591,107492056.0,3826908.018,Panama,PAN,591.0,North America
2019,598,94831.433,4056.546,Papua New Guinea,PNG,598.0,Oceania
2019,600,446928.0,65844.0,Paraguay,PRY,600.0,Latin America
2019,604,17767645.89,1454236.28,Peru,PER,604.0,Latin America
2019,608,30382629.0,5071455.46,Philippines,PHL,608.0,SE Asia
2019,616,1703278274.0,178624674.164,Poland,POL,616.0,Europe
2019,620,44291150.707,3218200.405,Portugal,PRT,620.0,Europe
2019,634,934400.385,0.0,Qatar,QAT,634.0,MENA
2019,642,52480009.35,2062525.551,Romania,ROU,642.0,Europe
2019,643,253382444.0,19487122.42,Russian Federation,RUS,643.0,Europe
2019,646,1464972.06,1431415.646,Rwanda,RWA,646.0,Africa
2019,662,259761.78,6107.41,Saint Lucia,LCA,662.0,North America
2019,670,1734.69,108.0,Saint Vincent and the Grenadines,VCT,670.0,North America
2019,678,151.156,14.0,Sao Tome and Principe,STP,678.0,Africa
2019,682,13249238.069,433241.272,Saudi Arabia,SAU,682.0,MENA
2019,686,52622979.977,21980875.0,Senegal,SEN,686.0,Africa
2019,688,26243766.0,1421908.105,Serbia,SRB,688.0,Europe
2019,699,176926410.839,30397284.508,India,IND,356.0,South Asia
2019,702,6269378911.841,,Singapore,SGP,702.0,SE Asia
2019,703,70906654.278,9472626.433,Slovakia,SVK,703.0,Europe
2019,704,100566825.85,,Viet Nam,VNM,704.0,SE Asia
2019,705,97908675.18,5852190.2,Slovenia,SVN,705.0,Europe
2019,710,256828548.924,48461649.117,South Africa,ZAF,710.0,Africa
2019,716,39089.67,18797.24,Zimbabwe,ZWE,716.0,Africa
2019,724,1201287795.619,119219748.928,Spain,ESP,724.0,Europe
2019,740,13906.0,11700.0,Suriname,SUR,740.0,Latin America
2019,748,5207.32,2128.94,Eswatini,SWZ,748.0,Africa
2019,752,213668268.638,14538839.634,Sweden,SWE,752.0,Europe
2019,757,1403751237.963,17942843.473,Switzerland,CHE,756.0,Europe
2019,762,693.0,3.0,Tajikistan,TJK,762.0,Asia
2019,764,989663365.129,,Thailand,THA,764.0,SE Asia
2019,768,73101161.95,25162486.0,Togo,TGO,768.0,Africa
2019,776,892.352,33.804,Tonga,TON,776.0,Oceania
2019,780,770003.928,91876.444,Trinidad and Tobago,TTO,780.0,North America
2019,784,1218098452.18,94260178.138,United Arab Emirates,ARE,784.0,MENA
2019,788,18018404.208,612236.0,Tunisia,TUN,788.0,Africa
2019,792,216909981.0,17452321.0,Türkiye,TUR,792.0,MENA
2019,800,5226598.73,2961960.2,Uganda,UGA,800.0,Africa
2019,804,42310026.8,2604567.79,Ukraine,UKR,804.0,Europe
2019,807,4725415.28,482676.583,North Macedonia,MKD,807.0,Europe
2019,818,22804390.563,1007237.733,Egypt,EGY,818.0,MENA
2019,826,2260280354.704,0.0,United Kingdom,GBR,826.0,Europe
2019,834,19144227.72,13690019.06,United Rep. of Tanzania,TZA,834.0,Africa
2019,842,6108252477.0,227425001.81,USA,USA,840.0,North America
2019,854,10723.285,15478.0,Burkina Faso,BFA,854.0,Africa
2019,858,366027.0,29762.17,Uruguay,URY,858.0,Latin America
2019,860,83286.0,42369.266,Uzbekistan,UZB,860.0,Asia
2019,882,5579.97,1040.563,Samoa,WSM,882.0,Oceania
2019,894,384541.772,17082.653,Zambia,ZMB,894.0,Africa
2020,8,979031.155,38399.122,Albania,ALB,8.0,Europe
2020,20,1048963.062,3877.744,Andorra,AND,20.0,Europe
2020,24,167356.203,55903.271,Angola,AGO,24.0,Africa
2020,28,14595.123,474.93,Antigua and Barbuda,ATG,28.0,North America
2020,31,38025.75,3663.28,Azerbaijan,AZE,31.0,Asia
2020,32,39498381.94,2701691.43,Argentina,ARG,32.0,Latin America
2020,36,502192654.938,23641257.357,Australia,AUS,36.0,Oceania
2020,40,227453537.123,5639562.086,Austria,AUT,40.0,Europe
2020,44,4170.0,674.038,Bahamas,BHS,44.0,North America
2020,48,1128004.66,93570.45,Bahrain,BHR,48.0,Asia
2020,51,845165.34,111519.68,Armenia,ARM,51.0,Asia
2020,52,60994.5,0.0,Barbados,BRB,52.0,North America
2020,56,1089591879.019,,Belgium,BEL,56.0,Europe
2020,68,5450.7,2207.25,Bolivia (Plurinational State of),BOL,68.0,Latin America
2020,70,1545776.66,101864.46,Bosnia Herzegovina,BIH,70.0,Europe
2020,72,99951.56,21531.31,Botswana,BWA,72.0,Africa
2020,76,78632348.0,5952975.107,Brazil,BRA,76.0,Latin America
2020,84,8941.305,2503.942,Belize,BLZ,84.0,North America
2020,96,181765.28,5653.4,Brunei Darussalam,BRN,96.0,Asia
2020,100,73740189.849,4835971.976,Bulgaria,BGR,100.0,Europe
2020,104,943880.483,187136.01,Myanmar,MMR,104.0,SE Asia
2020,108,11137.055,8020.0,Burundi,BDI,108.0,Africa
2020,112,69250100.0,6313855.792,Belarus,BLR,112.0,Europe
2020,116,1645566.27,135546.2,Cambodia,KHM,116.0,SE Asia
2020,120,6294706.48,2257235.452,Cameroon,CMR,120.0,Africa
2020,124,1069313128.595,43834366.452,Canada,CAN,124.0,North America
2020,136,590.834,8.863,Cayman Isds,CYM,136.0,North America
2020,144,3695247.949,380565.5,Sri Lanka,LKA,144.0,South Asia
2020,152,30448531.805,4637047.868,Chile,CHL,152.0,Latin America
2020,156,2177571138.0,173565769.674,China,CHN,156.0,East Asia
2020,170,143282410.48,18405821.47,Colombia,COL,170.0,Latin America
2020,174,9789.931,47658.0,Comoros,COM,174.0,Africa
2020,178,143641.77,16147.5,Congo,COG,178.0,Africa
2020,180,553149.014,1026987.0,Dem. Rep. of the Congo,COD,180.0,Africa
2020,188,6633548.18,376032.577,Costa Rica,CRI,188.0,North America
2020,191,97261404.0,3103308.635,Croatia,HRV,191.0,Europe
2020,192,36887.24,2134.92,Cuba,CUB,192.0,North America
2020,196,8424273.451,92912.798,Cyprus,CYP,196.0,Asia
2020,203,848859459.0,30653256.942,Czechia,CZE,203.0,Europe
2020,204,194587.28,184695.87,Benin,BEN,204.0,Africa
2020,208,280317893.438,8481171.0,Denmark,DNK,208.0,Europe
2020,212,1086.295,194.0,Dominica,DMA,212.0,North America
2020,214,25243031.57,,Dominican Rep.,DOM,214.0,North America
2020,218,714510.63,35963.138,Ecuador,ECU,218.0,Latin America
2020,222,1532318.05,541086.09,El Salvador,SLV,222.0,North America
2020,231,11066.84,19848.05,Ethiopia,ETH,231.0,Africa
2020,233,57316929.76,2691666.304,Estonia,EST,233.0,Europe
2020,242,2250799.366,198838.08,Fiji,FJI,242.0,Oceania
2020,246,36314662.094,736611.178,Finland,FIN,246.0,Europe
2020,251,9019908988.064,321819097.637,France,FRA,250.0,Europe
2020,258,2705212.599,257708.36,French Polynesia,PYF,258.0,Oceania
2020,266,2193.09,135.0,Gabon,GAB,266.0,Africa
2020,268,8806836.34,294080.21,Georgia,GEO,268.0,Asia
2020,275,2755408.61,128032.87,State of Palestine,PSE,275.0,Asia
2020,276,3429061127.641,203768994.754,Germany,DEU,276.0,Europe
2020,300,180177288.819,20665571.0,Greece,GRC,300.0,Europe
2020,308,810.37,132.0,Grenada,GRD,308.0,North America
2020,320,23106336.0,5248533.0,Guatemala,GTM,320.0,North America
2020,328,21045.349,2722.78,Guyana,GUY,328.0,Latin America
2020,340,276412.24,133998.69,Honduras,HND,340.0,North America
2020,344,4076474679.05,162650023.027,"China, Hong Kong SAR",HKG,344.0,East Asia
2020,348,191503229.0,0.0,Hungary,HUN,348.0,Europe
2020,352,10414139.605,73960.822,Iceland,ISL,352.0,Europe
2020,360,109827898.773,20952489.71,Indonesia,IDN,360.0,SE Asia
2020,364,5708384.0,2686468.0,Iran,IRN,364.0,MENA
2020,372,137195828.558,48793069.162,Ireland,IRL,372.0,Europe
2020,376,249580000.0,9302372.171,Israel,ISR,376.0,MENA
2020,380,1865105269.203,76621611.0,Italy,ITA,380.0,Europe
2020,384,181317442.59,82336041.0,Côte d'Ivoire,CIV,384.0,Africa
2020,388,1520324.4,180903.81,Jamaica,JAM,388.0,North America
2020,392,5264882006.396,84630498.0,Japan,JPN,392.0,East Asia
2020,398,2248174.29,317956.672,Kazakhstan,KAZ,398.0,Asia
2020,400,20748766.329,0.0,Jordan,JOR,400.0,MENA
2020,404,11699723.94,4248253.0,Kenya,KEN,404.0,Africa
2020,410,6112393750.0,229841654.423,Rep. of Korea,KOR,410.0,East Asia
2020,414,19146531.0,319544.8,Kuwait,KWT,414.0,MENA
2020,417,776281.0,49408.0,Kyrgyzstan,KGZ,417.0,Asia
2020,418,14310.14,7044.34,Lao People's Dem. Rep.,LAO,418.0,Asia
2020,422,37423856.0,2840530.0,Lebanon,LBN,422.0,MENA
2020,426,741801.391,371699.551,Lesotho,LSO,426.0,Africa
2020,428,61850526.463,1765466.809,Latvia,LVA,428.0,Europe
2020,430,440.0,4000.0,Liberia,LBR,430.0,Africa
2020,440,162231325.0,4425861.851,Lithuania,LTU,440.0,Europe
2020,442,88775918.912,10056436.805,Luxembourg,LUX,442.0,Europe
2020,446,43679003.72,0.0,"China, Macao SAR",MAC,446.0,Asia
2020,450,21511.198,1444.56,Madagascar,MDG,450.0,Africa
2020,454,77273.411,18912.5,Malawi,MWI,454.0,Africa
2020,458,119709226.135,23077029.63,Malaysia,MYS,458.0,SE Asia
2020,466,256193.614,204452.586,Mali,MLI,466.0,Africa
2020,470,2385685.368,37161.0,Malta,MLT,470.0,Europe
2020,478,99.564,51.0,Mauritania,MRT,478.0,Africa
2020,480,260606.835,25905.0,Mauritius,MUS,480.0,Africa
2020,484,333473784.0,0.0,Mexico,MEX,484.0,North America
2020,490,412355355.962,12768923.591,"Other Asia, nes",S19,,Other
2020,496,40442.87,679.8,Mongolia,MNG,496.0,East Asia
2020,498,2317138.0,201174.595,Rep. of Moldova,MDA,498.0,Europe
2020,499,359897.951,16021.54,Montenegro,MNE,499.0,Europe
2020,500,22.222,12.0,Montserrat,MSR,500.0,North America
2020,504,18791113.814,1063508.75,Morocco,MAR,504.0,Africa
2020,508,15510.5,1522.0,Mozambique,MOZ,508.0,Africa
2020,512,15710867.247,2398183.0,Oman,OMN,512.0,Asia
2020,516,481288.872,568793.495,Namibia,NAM,516.0,Africa
2020,524,147560.85,14086.376,Nepal,NPL,524.0,Asia
2020,528,1064475631.83,74039140.0,Netherlands,NLD,528.0,Europe
2020,531,453854.572,30600.0,Curaçao,CUW,531.0,North America
2020,533,2108002.167,117190.16,Aruba,ABW,533.0,North America
2020,554,75683178.589,3558266.37,New Zealand,NZL,554.0,Oceania
2020,558,160575.05,10694.42,Nicaragua,NIC,558.0,North America
2020,562,165077.783,,Niger,NER,562.0,Africa
2020,566,378542.692,1154000.0,Nigeria,NGA,566.0,Africa
2020,579,35290817.285,518773.0,Norway,NOR,578.0,Europe
2020,586,13083864.115,2576413.667,Pakistan,PAK,586.0,South Asia
2020,591,97607280.0,3895156.655,Panama,PAN,591.0,North America
2020,598,859.879,41.768,Papua New Guinea,PNG,598.0,Oceania
2020,600,729615.0,155696.0,Paraguay,PRY,600.0,Latin America
2020,604,13325114.24,1389157.39,Peru,PER,604.0,Latin America
2020,608,23377043.0,3587199.85,Philippines,PHL,608.0,SE Asia
2020,616,1954336498.0,164243866.877,Poland,POL,616.0,Europe
2020,620,55716013.629,3407409.471,Portugal,PRT,620.0,Europe
2020,634,688972.434,0.0,Qatar,QAT,634.0,MENA
2020,642,41336834.72,1666653.305,Romania,ROU,642.0,Europe
2020,643,254050410.81,25764707.714,Russian Federation,RUS,643.0,Europe
2020,646,1627918.24,1483701.115,Rwanda,RWA,646.0,Africa
2020,662,267032.96,4246.58,Saint Lucia,LCA,662.0,North America
2020,670,2543.65,808.6,Saint Vincent and the Grenadines,VCT,670.0,North America
2020,678,5.673,5.0,Sao Tome and Principe,STP,678.0,Africa
2020,682,12867134.612,998349.0,Saudi Arabia,SAU,682.0,MENA
2020,686,59990061.306,24937746.0,Senegal,SEN,686.0,Africa
2020,688,25795522.0,1252687.03,Serbia,SRB,688.0,Europe
2020,690,413.456,1.34,Seychelles,SYC,690.0,Africa
2020,699,141832164.747,27149025.544,India,IND,356.0,South Asia
2020,702,6232331030.033,276736248.008,Singapore,SGP,702.0,SE Asia
2020,703,64444573.766,9380009.0,Slovakia,SVK,703.0,Europe
2020,704,92770313.859,3301615.245,Viet Nam,VNM,704.0,SE Asia
2020,705,89371902.82,5092181.386,Slovenia,SVN,705.0,Europe
2020,710,271141199.861,0.0,South Africa,ZAF,710.0,Africa
2020,716,8032.93,1148.22,Zimbabwe,ZWE,716.0,Africa
2020,724,1104431151.707,120960120.982,Spain,ESP,724.0,Europe
2020,740,55315.748,47452.0,Suriname,SUR,740.0,Latin America
2020,748,35935.85,33660.431,Eswatini,SWZ,748.0,Africa
2020,752,273379994.636,17981908.776,Sweden,SWE,752.0,Europe
2020,757,1638130324.282,19584308.049,Switzerland,CHE,756.0,Europe
2020,762,236.0,30.0,Tajikistan,TJK,762.0,Asia
2020,764,644844069.795,71109987.521,Thailand,THA,764.0,SE Asia
2020,768,81125171.665,26209586.0,Togo,TGO,768.0,Africa
2020,776,251.204,12.202,Tonga,TON,776.0,Oceania
2020,780,839885.907,120523.254,Trinidad and Tobago,TTO,780.0,North America
2020,784,1063712189.345,86874964.61,United Arab Emirates,ARE,784.0,MENA
2020,788,11015007.54,563974.0,Tunisia,TUN,788.0,Africa
2020,792,214315364.0,18753899.0,Türkiye,TUR,792.0,MENA
2020,800,11020486.0,9733441.174,Uganda,UGA,800.0,Africa
2020,804,38910211.73,2533292.17,Ukraine,UKR,804.0,Europe
2020,807,4365257.82,461911.093,North Macedonia,MKD,807.0,Europe
2020,818,24560133.681,1170808.852,Egypt,EGY,818.0,MENA
2020,826,2048808521.982,84239105.767,United Kingdom,GBR,826.0,Europe
2020,834,18571101.27,14116883.722,United Rep. of Tanzania,TZA,834.0,Africa
2020,842,5081837098.0,159043761.0,USA,USA,840.0,North America
2020,854,18002.21,1114.0,Burkina Faso,BFA,854.0,Africa
2020,858,386950.0,30311.82,Uruguay,URY,858.0,Latin America
2020,860,185734.97,48652.156,Uzbekistan,UZB,860.0,Asia
2020,894,619233.527,17595.431,Zambia,ZMB,894.0,Africa
2021,8,2419556.582,0.0,Albania,ALB,8.0,Europe
2021,20,1104372.026,9321.334,Andorra,AND,20.0,Europe
2021,24,131492.107,,Angola,AGO,24.0,Africa
2021,28,5741.304,386.43,Antigua and Barbuda,ATG,28.0,North America
2021,31,465298.03,83317.128,Azerbaijan,AZE,31.0,Asia
2021,32,31993226.73,2694077.41,Argentina,ARG,32.0,Latin America
2021,36,522588168.533,22242902.58,Australia,AUS,36.0,Oceania
2021,40,260587962.531,7052689.343,Austria,AUT,40.0,Europe
2021,44,1070.0,63.956,Bahamas,BHS,44.0,North America
2021,48,506077.126,62060.17,Bahrain,BHR,48.0,Asia
2021,51,1542615.7,107929.523,Armenia,ARM,51.0,Asia
2021,52,431373.0,37993.337,Barbados,BRB,52.0,North America
2021,56,999554837.853,38579335.43,Belgium,BEL,56.0,Europe
2021,60,17070.42,285.0,Bermuda,BMU,60.0,North America
2021,68,10680.8,878.246,Bolivia (Plurinational State of),BOL,68.0,Latin America
2021,70,2044324.03,102466.37,Bosnia Herzegovina,BIH,70.0,Europe
2021,72,71152.194,23042.5,Botswana,BWA,72.0,Africa
2021,76,92060808.0,6602646.391,Brazil,BRA,76.0,Latin America
2021,84,6638.52,936.772,Belize,BLZ,84.0,North America
2021,96,540429.97,16531.29,Brunei Darussalam,BRN,96.0,Asia
2021,100,88856373.487,5803735.537,Bulgaria,BGR,100.0,Europe
2021,104,411914.211,286440.258,Myanmar,MMR,104.0,SE Asia
2021,108,7135.044,1806.0,Burundi,BDI,108.0,Africa
2021,112,78637100.0,6399001.349,Belarus,BLR,112.0,Europe
2021,116,1447331.95,204394.5,Cambodia,KHM,116.0,SE Asia
2021,120,6053894.02,2220888.625,Cameroon,CMR,120.0,Africa
2021,124,1343570227.556,52461464.255,Canada,CAN,124.0,North America
2021,132,3776.273,253.0,Cabo Verde,CPV,132.0,Africa
2021,136,281.533,4.416,Cayman Isds,CYM,136.0,North America
2021,144,4785359.523,404001.41,Sri Lanka,LKA,144.0,South Asia
2021,152,24466334.649,3569531.433,Chile,CHL,152.0,Latin America
2021,156,2502206132.0,200093873.26,China,CHN,156.0,East Asia
2021,170,165174853.0,,Colombia,COL,170.0,Latin America
2021,174,353.146,21.26,Comoros,COM,174.0,Africa
2021,178,163803.26,21147.44,Congo,COG,178.0,Africa
2021,180,264256.952,508956.0,Dem. Rep. of the Congo,COD,180.0,Africa
2021,188,2897996.13,244059.65,Costa Rica,CRI,188.0,North America
2021,191,132530225.0,4412842.99,Croatia,HRV,191.0,Europe
2021,192,9774.45,399.81,Cuba,CUB,192.0,North America
2021,196,15616212.333,150739.234,Cyprus,CYP,196.0,Asia
2021,203,940022265.0,30643704.658,Czechia,CZE,203.0,Europe
2021,204,29622.43,68814.0,Benin,BEN,204.0,Africa
2021,208,382623575.072,10492330.48,Denmark,DNK,208.0,Europe
2021,212,877.036,174.0,Dominica,DMA,212.0,North America
2021,214,27071928.032,2222148.229,Dominican Rep.,DOM,214.0,North America
2021,218,880706.0,39036.3,Ecuador,ECU,218.0,Latin America
2021,222,1782532.73,646804.81,El Salvador,SLV,222.0,North America
2021,231,99069.66,0.0,Ethiopia,ETH,231.0,Africa
2021,233,62048963.59,3044035.917,Estonia,EST,233.0,Europe
2021,242,2957568.496,210449.34,Fiji,FJI,242.0,Oceania
2021,246,40811205.437,759308.304,Finland,FIN,246.0,Europe
2021,251,10319684855.496,343833383.249,France,FRA,250.0,Europe
2021,258,2774296.139,304728.926,French Polynesia,PYF,258.0,Oceania
2021,262,6005201.326,,Djibouti,DJI,262.0,Africa
2021,266,66772.964,3230.0,Gabon,GAB,266.0,Africa
2021,268,9480235.98,199439.6,Georgia,GEO,268.0,Asia
2021,275,4182784.35,186121.605,State of Palestine,PSE,275.0,Asia
2021,276,4018763344.425,202010383.018,Germany,DEU,276.0,Europe
2021,288,3010425.037,1072249.97,Ghana,GHA,288.0,Africa
2021,300,209860885.873,18799474.0,Greece,GRC,300.0,Europe
2021,308,119.63,28.0,Grenada,GRD,308.0,North America
2021,320,27514920.0,6144316.0,Guatemala,GTM,320.0,North America
2021,328,6354.058,5009.36,Guyana,GUY,328.0,Latin America
2021,340,448784.17,230687.78,Honduras,HND,340.0,North America
2021,344,4509000069.308,165882755.932,"China, Hong Kong SAR",HKG,344.0,East Asia
2021,348,224478044.0,0.0,Hungary,HUN,348.0,Europe
2021,352,11570939.372,451411.963,Iceland,ISL,352.0,Europe
2021,360,139778239.41,24488412.894,Indonesia,IDN,360.0,SE Asia
2021,364,5824262.0,2459468.0,Iran,IRN,364.0,MENA
2021,372,173937992.265,57550241.132,Ireland,IRL,372.0,Europe
2021,376,300241000.0,13342914.366,Israel,ISR,376.0,MENA
2021,380,2292289070.645,89215143.052,Italy,ITA,380.0,Europe
2021,384,189109006.864,83290980.0,Côte d'Ivoire,CIV,384.0,Africa
2021,388,1897532.04,232902.33,Jamaica,JAM,388.0,North America
2021,392,6230757486.723,95821344.0,Japan,JPN,392.0,East Asia
2021,398,2562971.99,271831.06,Kazakhstan,KAZ,398.0,Asia
2021,400,19730740.039,863174.239,Jordan,JOR,400.0,MENA
2021,404,12634336.63,4637599.444,Kenya,KEN,404.0,Africa
2021,410,7660629830.0,253673607.662,Rep. of Korea,KOR,410.0,East Asia
2021,414,6885830.0,220635.854,Kuwait,KWT,414.0,MENA
2021,417,455123.0,,Kyrgyzstan,KGZ,417.0,Asia
2021,418,46788.28,44589.44,Lao People's Dem. Rep.,LAO,418.0,Asia
2021,422,27691381.0,1872211.914,Lebanon,LBN,422.0,MENA
2021,426,1284392.079,336967.9,Lesotho,LSO,426.0,Africa
2021,428,76869703.77,2000044.51,Latvia,LVA,428.0,Europe
2021,430,440.0,4000.0,Liberia,LBR,430.0,Africa
2021,440,193806787.97,4608283.147,Lithuania,LTU,440.0,Europe
2021,442,81822243.944,11629648.668,Luxembourg,LUX,442.0,Europe
2021,446,42854904.443,0.0,"China, Macao SAR",MAC,446.0,Asia
2021,450,69129.967,2098.72,Madagascar,MDG,450.0,Africa
2021,454,147141.837,374251.9,Malawi,MWI,454.0,Africa
2021,458,130848517.699,24527319.162,Malaysia,MYS,458.0,SE Asia
2021,462,1042.065,53.143,Maldives,MDV,462.0,Asia
2021,466,210832.025,197830.0,Mali,MLI,466.0,Africa
2021,470,3187673.191,22485.0,Malta,MLT,470.0,Europe
2021,478,31.09,771.0,Mauritania,MRT,478.0,Africa
2021,480,404024.01,13877.0,Mauritius,MUS,480.0,Africa
2021,484,379954579.0,0.0,Mexico,MEX,484.0,North America
2021,490,427694042.126,13471620.986,"Other Asia, nes",S19,,Other
2021,496,28708.59,588.02,Mongolia,MNG,496.0,East Asia
2021,498,2673192.0,131817.445,Rep. of Moldova,MDA,498.0,Europe
2021,499,188730.036,6190.58,Montenegro,MNE,499.0,Europe
2021,500,18.519,2.0,Montserrat,MSR,500.0,North America
2021,504,17827193.636,927187.3,Morocco,MAR,504.0,Africa
2021,508,23526.21,2145.067,Mozambique,MOZ,508.0,Africa
2021,512,14386871.239,2868462.0,Oman,OMN,512.0,Asia
2021,516,507167.386,289444.66,Namibia,NAM,516.0,Africa
2021,524,376641.79,96555.0,Nepal,NPL,524.0,Asia
2021,528,1389017063.399,80720132.0,Netherlands,NLD,528.0,Europe
2021,533,1124577.079,44056.93,Aruba,ABW,533.0,North America
2021,554,78915144.68,0.0,New Zealand,NZL,554.0,Oceania
2021,558,57867.59,7024.74,Nicaragua,NIC,558.0,North America
2021,562,173935.469,193930.0,Niger,NER,562.0,Africa
2021,566,1688372.524,0.0,Nigeria,NGA,566.0,Africa
2021,579,51232719.63,700755.0,Norway,NOR,578.0,Europe
2021,586,14166544.66,2585385.0,Pakistan,PAK,586.0,South Asia
2021,591,1365559.0,464898.0,Panama,PAN,591.0,North America
2021,598,422.727,18.438,Papua New Guinea,PNG,598.0,Oceania
2021,600,930935.0,76176.0,Paraguay,PRY,600.0,Latin America
2021,604,15566165.75,1397594.64,Peru,PER,604.0,Latin America
2021,608,27917664.0,4002346.74,Philippines,PHL,608.0,SE Asia
2021,616,2160231307.0,180578215.444,Poland,POL,616.0,Europe
2021,620,74897781.171,,Portugal,PRT,620.0,Europe
2021,634,1073288.221,0.0,Qatar,QAT,634.0,MENA
2021,642,41463734.46,2077134.178,Romania,ROU,642.0,Europe
2021,643,255510383.708,24457266.194,Russian Federation,RUS,643.0,Europe
2021,646,2460763.92,2044526.01,Rwanda,RWA,646.0,Africa
2021,670,5829.596,1258.24,Saint Vincent and the Grenadines,VCT,670.0,North America
2021,678,12.305,11.0,Sao Tome and Principe,STP,678.0,Africa
2021,682,10568683.736,1211149.0,Saudi Arabia,SAU,682.0,MENA
2021,686,61546030.069,23826772.0,Senegal,SEN,686.0,Africa
2021,688,29451048.0,1565557.291,Serbia,SRB,688.0,Europe
2021,690,1324.095,81.0,Seychelles,SYC,690.0,Africa
2021,699,191744799.801,39770319.771,India,IND,356.0,South Asia
2021,702,6593012932.923,272393553.801,Singapore,SGP,702.0,SE Asia
2021,703,88169869.626,10992051.997,Slovakia,SVK,703.0,Europe
2021,704,67405330.673,2808658.826,Viet Nam,VNM,704.0,SE Asia
2021,705,102892527.531,5086240.255,Slovenia,SVN,705.0,Europe
2021,710,323392329.622,63321051.161,South Africa,ZAF,710.0,Africa
2021,716,13391.17,4040.7,Zimbabwe,ZWE,716.0,Africa
2021,724,1369340934.573,119791426.035,Spain,ESP,724.0,Europe
2021,740,41303.72,33872.2,Suriname,SUR,740.0,Latin America
2021,748,2719.27,882.83,Eswatini,SWZ,748.0,Africa
2021,752,391698920.235,15837943.98,Sweden,SWE,752.0,Europe
2021,757,1576183820.841,21000084.532,Switzerland,CHE,756.0,Europe
2021,762,812.0,36.403,Tajikistan,TJK,762.0,Asia
2021,764,626022510.577,,Thailand,THA,764.0,SE Asia
2021,768,69872188.288,21531430.0,Togo,TGO,768.0,Africa
2021,776,307.959,13.328,Tonga,TON,776.0,Oceania
2021,780,943980.512,121943.362,Trinidad and Tobago,TTO,780.0,North America
2021,784,1105643262.094,93744417.098,United Arab Emirates,ARE,784.0,MENA
2021,788,6069880.762,419299.0,Tunisia,TUN,788.0,Africa
2021,792,232798424.0,21724264.0,Türkiye,TUR,792.0,MENA
2021,800,13979550.87,6126435.2,Uganda,UGA,800.0,Africa
2021,804,54238687.41,2903916.983,Ukraine,UKR,804.0,Europe
2021,807,4808615.73,476693.869,North Macedonia,MKD,807.0,Europe
2021,818,11450057.344,506948.626,Egypt,EGY,818.0,MENA
2021,826,2353315484.385,100947824.052,United Kingdom,GBR,826.0,Europe
2021,834,66940338.25,21889412.657,United Rep. of Tanzania,TZA,834.0,Africa
2021,842,5492676744.0,175515879.0,USA,USA,840.0,North America
2021,854,8552.326,4289.0,Burkina Faso,BFA,854.0,Africa
2021,858,487951.0,24313.221,Uruguay,URY,858.0,Latin America
2021,860,125034.96,4784.695,Uzbekistan,UZB,860.0,Asia
2021,882,15975.057,20873.476,Samoa,WSM,882.0,Oceania
2021,894,822445.227,586387.683,Zambia,ZMB,894.0,Africa
2022,8,2836.335,15.28,Albania,ALB,8.0,Europe
2022,20,559109.38,3228.225,Andorra,AND,20.0,Europe
2022,24,51853.76,,Angola,AGO,24.0,Africa
2022,28,19810.57,3701.04,Antigua and Barbuda,ATG,28.0,North America
2022,31,332439.08,61506.031,Azerbaijan,AZE,31.0,Asia
2022,32,36138794.8,2330582.63,Argentina,ARG,32.0,Latin America
2022,36,554496335.268,19015557.661,Australia,AUS,36.0,Oceania
2022,40,270860062.376,6451453.233,Austria,AUT,40.0,Europe
2022,44,399570.0,23179.458,Bahamas,BHS,44.0,North America
2022,48,883405.529,86578.37,Bahrain,BHR,48.0,Asia
2022,51,5813635.16,180014.295,Armenia,ARM,51.0,Asia
2022,52,349496.5,28377.506,Barbados,BRB,52.0,North America
2022,56,1047179133.781,36266198.124,Belgium,BEL,56.0,Europe
2022,60,238.6,40.0,Bermuda,BMU,60.0,North America
2022,64,96.692,30.0,Bhutan,BTN,64.0,Asia
2022,68,37367.35,3963.22,Bolivia (Plurinational State of),BOL,68.0,Latin America
2022,70,2639936.09,127876.71,Bosnia Herzegovina,BIH,70.0,Europe
2022,72,73598.191,32547.75,Botswana,BWA,72.0,Africa
2022,76,104881546.0,6826206.304,Brazil,BRA,76.0,Latin America
2022,84,42945.27,670.879,Belize,BLZ,84.0,North America
2022,96,928884.641,22792.13,Brunei Darussalam,BRN,96.0,Asia
2022,100,66905275.317,5904225.127,Bulgaria,BGR,100.0,Europe
2022,104,586923.07,614504.476,Myanmar,MMR,104.0,SE Asia
2022,108,3418.235,261.5,Burundi,BDI,108.0,Africa
2022,116,19600.0,9201.0,Cambodia,KHM,116.0,SE Asia
2022,120,4157864.898,2029487.718,Cameroon,CMR,120.0,Africa
2022,124,1531277629.275,,Canada,CAN,124.0,North America
2022,132,35628.181,914.0,Cabo Verde,CPV,132.0,Africa
2022,136,1220.789,17.925,Cayman Isds,CYM,136.0,North America
2022,144,3668926.694,327291.81,Sri Lanka,LKA,144.0,South Asia
2022,152,6816737.868,962985.917,Chile,CHL,152.0,Latin America
2022,156,2828865247.0,224381352.161,China,CHN,156.0,East Asia
2022,170,187727887.35,,Colombia,COL,170.0,Latin America
2022,174,210.775,55.0,Comoros,COM,174.0,Africa
2022,178,137183.763,9284.07,Congo,COG,178.0,Africa
2022,180,402475.256,552824.0,Dem. Rep. of the Congo,COD,180.0,Africa
2022,188,4172520.8,295987.39,Costa Rica,CRI,188.0,North America
2022,191,151833235.0,3726393.734,Croatia,HRV,191.0,Europe
2022,192,23410.33,1934.79,Cuba,CUB,192.0,North America
2022,196,16104212.675,222730.773,Cyprus,CYP,196.0,Asia
2022,203,1034058893.0,33843489.708,Czechia,CZE,203.0,Europe
2022,204,184581.979,176794.0,Benin,BEN,204.0,Africa
2022,208,388240066.161,11536795.127,Denmark,DNK,208.0,Europe
2022,212,2681.108,89.328,Dominica,DMA,212.0,North America
2022,214,38404333.419,2504058.534,Dominican Rep.,DOM,214.0,North America
2022,218,618834.8,40767.7,Ecuador,ECU,218.0,Latin America
2022,222,2277315.3,765370.68,El Salvador,SLV,222.0,North America
2022,231,16736.82,17426.97,Ethiopia,ETH,231.0,Africa
2022,233,66592105.22,2559063.214,Estonia,EST,233.0,Europe
2022,242,3099671.27,226068.35,Fiji,FJI,242.0,Oceania
2022,246,46688290.505,894432.191,Finland,FIN,246.0,Europe
2022,251,10793038374.139,327287899.112,France,FRA,250.0,Europe
2022,258,2534280.094,295901.42,French Polynesia,PYF,258.0,Oceania
2022,262,4028550.833,0.0,Djibouti,DJI,262.0,Africa
2022,266,13996.611,6515.0,Gabon,GAB,266.0,Africa
2022,268,15980342.786,227980.84,Georgia,GEO,268.0,Asia
2022,270,108981.942,319144.0,Gambia,GMB,270.0,Africa
2022,275,2684358.561,,State of Palestine,PSE,275.0,Asia
2022,276,4234270146.37,205036858.704,Germany,DEU,276.0,Europe
2022,288,3472553.234,1466376.936,Ghana,GHA,288.0,Africa
2022,300,194961620.278,19238326.432,Greece,GRC,300.0,Europe
2022,308,287.407,12.0,Grenada,GRD,308.0,North America
2022,320,33348224.0,6112051.0,Guatemala,GTM,320.0,North America
2022,328,507334.054,6640.02,Guyana,GUY,328.0,Latin America
2022,344,3797771480.876,,"China, Hong Kong SAR",HKG,344.0,East Asia
2022,348,195921239.0,0.0,Hungary,HUN,348.0,Europe
2022,352,9415899.304,70434.559,Iceland,ISL,352.0,Europe
2022,360,150186645.115,32396169.634,Indonesia,IDN,360.0,SE Asia
2022,364,6728069.0,2938755.0,Iran,IRN,364.0,MENA
2022,372,175751356.425,45711667.0,Ireland,IRL,372.0,Europe
2022,376,327627000.0,,Israel,ISR,376.0,MENA
2022,380,2399345573.265,100398176.515,Italy,ITA,380.0,Europe
2022,384,193573262.342,86782307.0,Côte d'Ivoire,CIV,384.0,Africa
2022,388,1642231.75,201619.78,Jamaica,JAM,388.0,North America
2022,392,4915698103.005,82975351.137,Japan,JPN,392.0,East Asia
2022,398,8228741.29,405008.436,Kazakhstan,KAZ,398.0,Asia
2022,400,19515083.801,,Jordan,JOR,400.0,MENA
2022,404,15289509.39,4862746.37,Kenya,KEN,404.0,Africa
2022,410,6687418738.0,213929327.77,Rep. of Korea,KOR,410.0,East Asia
2022,414,9531747.724,,Kuwait,KWT,414.0,MENA
2022,417,3320010.0,795671.705,Kyrgyzstan,KGZ,417.0,Asia
2022,418,330276.55,669903.66,Lao People's Dem. Rep.,LAO,418.0,Asia
2022,422,15469276.0,1293897.558,Lebanon,LBN,422.0,MENA
2022,426,1023511.978,269122.64,Lesotho,LSO,426.0,Africa
2022,428,69550438.55,1747071.189,Latvia,LVA,428.0,Europe
2022,430,220.0,2000.0,Liberia,LBR,430.0,Africa
2022,440,168185264.0,4838425.767,Lithuania,LTU,440.0,Europe
2022,442,82455463.993,12389693.214,Luxembourg,LUX,442.0,Europe
2022,446,43421443.699,0.0,"China, Macao SAR",MAC,446.0,Asia
2022,450,10521.408,663.29,Madagascar,MDG,450.0,Africa
2022,454,22197.12,67295.5,Malawi,MWI,454.0,Africa
2022,458,141132561.425,26583458.315,Malaysia,MYS,458.0,SE Asia
2022,462,11.705,13.0,Maldives,MDV,462.0,Asia
2022,466,241171.588,263051.0,Mali,MLI,466.0,Africa
2022,470,2814723.168,26844.0,Malta,MLT,470.0,Europe
2022,478,18560.019,33986.0,Mauritania,MRT,478.0,Africa
2022,480,1541648.026,23503.0,Mauritius,MUS,480.0,Africa
2022,484,453243191.0,0.0,Mexico,MEX,484.0,North America
2022,490,369640555.78,12051652.971,"Other Asia, nes",S19,,Other
2022,496,86124.07,1993.083,Mongolia,MNG,496.0,East Asia
2022,498,5695885.0,149780.5,Rep. of Moldova,MDA,498.0,Europe
2022,499,142989.419,7426.8,Montenegro,MNE,499.0,Europe
2022,504,24692308.849,871954.796,Morocco,MAR,504.0,Africa
2022,508,27148.36,15875.0,Mozambique,MOZ,508.0,Africa
2022,512,3049261.374,,Oman,OMN,512.0,Asia
2022,516,363413.814,296733.66,Namibia,NAM,516.0,Africa
2022,524,102364.51,12929.0,Nepal,NPL,524.0,Asia
2022,528,1591920706.806,181579469.0,Netherlands,NLD,528.0,Europe
2022,533,1309830.708,48633.93,Aruba,ABW,533.0,North America
2022,554,76279624.433,2696639.458,New Zealand,NZL,554.0,Oceania
2022,558,30713.37,6556.9,Nicaragua,NIC,558.0,North America
2022,562,22139.916,18351.0,Niger,NER,562.0,Africa
2022,566,2669529.27,790354.7,Nigeria,NGA,566.0,Africa
2022,579,34826832.847,502670.0,Norway,NOR,578.0,Europe
2022,586,17413643.31,,Pakistan,PAK,586.0,South Asia
2022,591,1133038.0,301208.0,Panama,PAN,591.0,North America
2022,598,158.733,,Papua New Guinea,PNG,598.0,Oceania
2022,600,1159770.94,95887.104,Paraguay,PRY,600.0,Latin America
2022,604,16303620.891,1395022.647,Peru,PER,604.0,Latin America
2022,608,29846438.0,3963183.706,Philippines,PHL,608.0,SE Asia
2022,616,2220773002.0,184846911.59,Poland,POL,616.0,Europe
2022,620,87978479.098,4138842.722,Portugal,PRT,620.0,Europe
2022,626,130.29,1005.0,Timor-Leste,TLS,,Other
2022,634,5155821.357,0.0,Qatar,QAT,634.0,MENA
2022,642,56276749.66,2068423.643,Romania,ROU,642.0,Europe
2022,646,4011177.0,2548513.761,Rwanda,RWA,646.0,Africa
2022,670,639.129,75.0,Saint Vincent and the Grenadines,VCT,670.0,North America
2022,678,131.04,38.0,Sao Tome and Principe,STP,678.0,Africa
2022,682,19992375.234,2243345.0,Saudi Arabia,SAU,682.0,MENA
2022,686,70437039.232,25425951.0,Senegal,SEN,686.0,Africa
2022,688,31227389.0,1526649.104,Serbia,SRB,688.0,Europe
2022,690,43331.957,580.42,Seychelles,SYC,690.0,Africa
2022,699,308927419.84,41334767.562,India,IND,356.0,South Asia
2022,702,6247935081.68,27262937.682,Singapore,SGP,702.0,SE Asia
2022,703,80255428.698,10607472.298,Slovakia,SVK,703.0,Europe
2022,704,72753323.187,,Viet Nam,VNM,704.0,SE Asia
2022,705,107689381.499,5215422.811,Slovenia,SVN,705.0,Europe
2022,710,314084982.158,57985898.007,South Africa,ZAF,710.0,Africa
2022,716,12626.88,2487.0,Zimbabwe,ZWE,716.0,Africa
2022,724,1470633916.677,136873636.674,Spain,ESP,724.0,Europe
2022,740,16911.56,13449.0,Suriname,SUR,740.0,Latin America
2022,748,3484.2,3506.595,Eswatini,SWZ,748.0,Africa
2022,752,352656839.275,16487543.693,Sweden,SWE,752.0,Europe
2022,757,1595902997.011,20667590.47,Switzerland,CHE,756.0,Europe
2022,762,3282.0,60.0,Tajikistan,TJK,762.0,Asia
2022,764,680623001.651,83824104.52,Thailand,THA,764.0,SE Asia
2022,768,75626635.143,28769885.0,Togo,TGO,768.0,Africa
2022,776,65.97,,Tonga,TON,776.0,Oceania
2022,780,576737.242,63545.324,Trinidad and Tobago,TTO,780.0,North America
2022,784,1397197257.024,108995292.563,United Arab Emirates,ARE,784.0,MENA
2022,788,6439427.05,428775.0,Tunisia,TUN,788.0,Africa
2022,792,264139604.0,22968651.0,Türkiye,TUR,792.0,MENA
2022,800,16389201.0,7255713.162,Uganda,UGA,800.0,Africa
2022,804,25306185.97,1399286.738,Ukraine,UKR,804.0,Europe
2022,807,4232700.38,458437.135,North Macedonia,MKD,807.0,Europe
2022,818,15736557.0,,Egypt,EGY,818.0,MENA
2022,826,2036092615.984,87922316.735,United Kingdom,GBR,826.0,Europe
2022,834,32016091.79,17422885.321,United Rep. of Tanzania,TZA,834.0,Africa
2022,842,5998500783.0,179570063.0,USA,USA,840.0,North America
2022,854,17595.321,16549.0,Burkina Faso,BFA,854.0,Africa
2022,858,654914.0,25877.163,Uruguay,URY,858.0,Latin America
2022,860,516102.98,89808.293,Uzbekistan,UZB,860.0,Asia
2022,882,24336.168,14664.21,Samoa,WSM,882.0,Oceania
2022,894,880037.723,147638.37,Zambia,ZMB,894.0,Africa
2023,8,4704791.535,147899.524,Albania,ALB,8.0,Europe
2023,20,474389.85,1852.403,Andorra,AND,20.0,Europe
2023,24,91215.184,131015.754,Angola,AGO,24.0,Africa
2023,28,39345.915,3864.412,Antigua and Barbuda,ATG,28.0,North America
2023,31,392382.27,64814.06,Azerbaijan,AZE,31.0,Asia
2023,32,30413324.65,1674194.99,Argentina,ARG,32.0,Latin America
2023,36,507649551.093,16466006.881,Australia,AUS,36.0,Oceania
2023,40,318405863.237,6323194.56,Austria,AUT,40.0,Europe
2023,44,7501.0,312.525,Bahamas,BHS,44.0,North America
2023,48,1419671.772,44193.287,Bahrain,BHR,48.0,Asia
2023,51,5505432.49,168301.702,Armenia,ARM,51.0,Asia
2023,52,261468.5,16392.233,Barbados,BRB,52.0,North America
2023,56,1084663088.254,31706535.339,Belgium,BEL,56.0,Europe
2023,60,297.6,18.0,Bermuda,BMU,60.0,North America
2023,64,6.053,4.44,Bhutan,BTN,64.0,Asia
2023,68,33432.63,1076.48,Bolivia (Plurinational State of),BOL,68.0,Latin America
2023,70,4499938.261,219700.19,Bosnia Herzegovina,BIH,70.0,Europe
2023,72,245614.266,81095.91,Botswana,BWA,72.0,Africa
2023,76,124186120.0,6787986.899,Brazil,BRA,76.0,Latin America
2023,84,37258.41,6479.51,Belize,BLZ,84.0,North America
2023,96,2030721.508,46496.94,Brunei Darussalam,BRN,96.0,Asia
2023,100,104159864.971,8922179.117,Bulgaria,BGR,100.0,Europe
2023,104,191648.356,320788.86,Myanmar,MMR,104.0,SE Asia
2023,108,10504.086,360.066,Burundi,BDI,108.0,Africa
2023,116,861701.085,338023.897,Cambodia,KHM,116.0,SE Asia
2023,120,4500254.65,1459269.44,Cameroon,CMR,120.0,Africa
2023,124,1924556406.431,58140701.133,Canada,CAN,124.0,North America
2023,132,18578.375,786.0,Cabo Verde,CPV,132.0,Africa
2023,136,6431.751,220.161,Cayman Isds,CYM,136.0,North America
2023,144,3052280.127,275774.35,Sri Lanka,LKA,144.0,South Asia
2023,152,6720733.31,0.0,Chile,CHL,152.0,Latin America
2023,156,3741351527.0,274957622.583,China,CHN,156.0,East Asia
2023,170,232898914.82,24194013.87,Colombia,COL,170.0,Latin America
2023,174,540.835,40.0,Comoros,COM,174.0,Africa
2023,178,213626.84,61874.73,Congo,COG,178.0,Africa
2023,180,249371.144,593708.0,Dem. Rep. of the Congo,COD,180.0,Africa
2023,188,5331088.617,267187.489,Costa Rica,CRI,188.0,North America
2023,191,200561237.0,4148487.849,Croatia,HRV,191.0,Europe
2023,196,15093669.789,102610.208,Cyprus,CYP,196.0,Asia
2023,203,1131672239.0,29846407.923,Czechia,CZE,203.0,Europe
2023,204,63615.631,83645.0,Benin,BEN,204.0,Africa
2023,208,507738005.649,22846919.16,Denmark,DNK,208.0,Europe
2023,212,1326.665,90.0,Dominica,DMA,212.0,North America
2023,214,22593568.669,1981934.061,Dominican Rep.,DOM,214.0,North America
2023,218,832098.6,,Ecuador,ECU,218.0,Latin America
2023,222,2600092.0,845791.05,El Salvador,SLV,222.0,North America
2023,231,19818.621,4838.33,Ethiopia,ETH,231.0,Africa
2023,233,66719928.15,2863030.178,Estonia,EST,233.0,Europe
2023,242,2896013.748,221544.28,Fiji,FJI,242.0,Oceania
2023,246,54330609.232,921263.095,Finland,FIN,246.0,Europe
2023,251,12089177423.199,318067584.101,France,FRA,250.0,Europe
2023,258,1769423.464,207710.36,French Polynesia,PYF,258.0,Oceania
2023,262,22421240.174,0.0,Djibouti,DJI,262.0,Africa
2023,266,38924.267,,Gabon,GAB,266.0,Africa
2023,268,15324124.055,163640.95,Georgia,GEO,268.0,Asia
2023,270,13905.784,199898.396,Gambia,GMB,270.0,Africa
2023,275,3301282.263,111309.97,State of Palestine,PSE,275.0,Asia
2023,276,4780919596.75,214795866.367,Germany,DEU,276.0,Europe
2023,288,6599650.273,1176865.113,Ghana,GHA,288.0,Africa
2023,300,223073491.709,20150517.0,Greece,GRC,300.0,Europe
2023,308,835.556,48.0,Grenada,GRD,308.0,North America
2023,320,34606658.0,6242532.0,Guatemala,GTM,320.0,North America
2023,328,5217.325,916.64,Guyana,GUY,328.0,Latin America
2023,340,718592.36,173432.76,Honduras,HND,340.0,North America
2023,344,3469233802.914,109632003.51,"China, Hong Kong SAR",HKG,344.0,East Asia
2023,348,208824390.144,12863443.301,Hungary,HUN,348.0,Europe
2023,352,10475946.959,91630.406,Iceland,ISL,352.0,Europe
2023,360,154633512.071,31767810.665,Indonesia,IDN,360.0,SE Asia
2023,372,148863574.001,42761403.204,Ireland,IRL,372.0,Europe
2023,376,289454000.0,9906291.676,Israel,ISR,376.0,MENA
2023,380,2940196467.978,105414845.0,Italy,ITA,380.0,Europe
2023,384,224327664.956,90133639.0,Côte d'Ivoire,CIV,384.0,Africa
2023,388,2209262.31,222136.44,Jamaica,JAM,388.0,North America
2023,392,3633446736.322,67675903.754,Japan,JPN,392.0,East Asia
2023,398,28328469.23,670058.07,Kazakhstan,KAZ,398.0,Asia
2023,400,24706774.954,809915.793,Jordan,JOR,400.0,MENA
2023,404,21325251.281,6280572.41,Kenya,KEN,404.0,Africa
2023,410,7181882318.0,233612768.054,Rep. of Korea,KOR,410.0,East Asia
2023,414,5704888.624,255368.693,Kuwait,KWT,414.0,MENA
2023,417,2951020.0,1097786.355,Kyrgyzstan,KGZ,417.0,Asia
2023,418,295452.56,448446.04,Lao People's Dem. Rep.,LAO,418.0,Asia
2023,422,20933015.0,673812.488,Lebanon,LBN,422.0,MENA
2023,426,1237043.7,334751.93,Lesotho,LSO,426.0,Africa
2023,428,84264778.414,1844681.084,Latvia,LVA,428.0,Europe
2023,430,440.0,4000.0,Liberia,LBR,430.0,Africa
2023,440,226100856.0,5558942.492,Lithuania,LTU,440.0,Europe
2023,442,102956869.883,10708578.966,Luxembourg,LUX,442.0,Europe
2023,446,52564825.392,0.0,"China, Macao SAR",MAC,446.0,Asia
2023,450,22029.501,913.48,Madagascar,MDG,450.0,Africa
2023,454,1482.43,611.3,Malawi,MWI,454.0,Africa
2023,458,148163426.789,26186707.57,Malaysia,MYS,458.0,SE Asia
2023,466,377053.834,386935.0,Mali,MLI,466.0,Africa
2023,470,3460235.831,27371.0,Malta,MLT,470.0,Europe
2023,478,233.684,12000.0,Mauritania,MRT,478.0,Africa
2023,480,2255342.42,19528.0,Mauritius,MUS,480.0,Africa
2023,484,450419972.0,0.0,Mexico,MEX,484.0,North America
2023,490,396165527.59,11818001.215,"Other Asia, nes",S19,,Other
2023,496,101197.649,3262.947,Mongolia,MNG,496.0,East Asia
2023,498,5116408.0,160702.326,Rep. of Moldova,MDA,498.0,Europe
2023,499,114276.814,3774.14,Montenegro,MNE,499.0,Europe
2023,500,27.778,5.0,Montserrat,MSR,500.0,North America
2023,504,26768216.457,812404.801,Morocco,MAR,504.0,Africa
2023,508,22000.0,1222.0,Mozambique,MOZ,508.0,Africa
2023,512,3980052.009,106738.068,Oman,OMN,512.0,Asia
2023,516,367654.215,107218.95,Namibia,NAM,516.0,Africa
2023,528,1596504470.751,203375080.0,Netherlands,NLD,528.0,Europe
2023,533,1519486.571,47604.25,Aruba,ABW,533.0,North America
2023,554,67482109.376,,New Zealand,NZL,554.0,Oceania
2023,558,64875.83,9050.47,Nicaragua,NIC,558.0,North America
2023,566,2015062.375,940028.7,Nigeria,NGA,566.0,Africa
2023,579,39204013.902,669524.0,Norway,NOR,578.0,Europe
2023,586,16371678.134,505314.987,Pakistan,PAK,586.0,South Asia
2023,591,1173423.0,245243.0,Panama,PAN,591.0,North America
2023,598,579.434,21.848,Papua New Guinea,PNG,598.0,Oceania
2023,600,1066652.45,107179.077,Paraguay,PRY,600.0,Latin America
2023,604,17042353.44,1290248.66,Peru,PER,604.0,Latin America
2023,608,28521461.0,4030821.4,Philippines,PHL,608.0,SE Asia
2023,616,2661028548.0,177674401.501,Poland,POL,616.0,Europe
2023,620,99665717.714,4143060.59,Portugal,PRT,620.0,Europe
2023,626,1611.65,2229.0,Timor-Leste,TLS,,Other
2023,634,1135487.726,0.0,Qatar,QAT,634.0,MENA
2023,642,73749280.88,2260434.202,Romania,ROU,642.0,Europe
2023,670,2054.898,63.9,Saint Vincent and the Grenadines,VCT,670.0,North America
2023,678,135.012,35.0,Sao Tome and Principe,STP,678.0,Africa
2023,682,15717342.807,456651.789,Saudi Arabia,SAU,682.0,MENA
2023,686,66514487.253,21530756.0,Senegal,SEN,686.0,Africa
2023,688,43510376.0,1682390.028,Serbia,SRB,688.0,Europe
2023,699,768304276.253,42018974.468,India,IND,356.0,South Asia
2023,702,5516094456.546,50931873.69,Singapore,SGP,702.0,SE Asia
2023,703,106164844.944,11052064.478,Slovakia,SVK,703.0,Europe
2023,704,87516391.556,2856316.458,Viet Nam,VNM,704.0,SE Asia
2023,705,120137441.375,4116203.438,Slovenia,SVN,705.0,Europe
2023,710,306041649.812,,South Africa,ZAF,710.0,Africa
2023,716,2912.88,2705.1,Zimbabwe,ZWE,716.0,Africa
2023,724,1817222155.828,143404011.055,Spain,ESP,724.0,Europe
2023,740,76586.54,42824.03,Suriname,SUR,740.0,Latin America
2023,748,7276.61,1838.6,Eswatini,SWZ,748.0,Africa
2023,752,415189711.682,13848360.109,Sweden,SWE,752.0,Europe
2023,757,1285679132.565,17364078.959,Switzerland,CHE,756.0,Europe
2023,762,2900.0,28.0,Tajikistan,TJK,762.0,Asia
2023,764,830340651.207,74229330.753,Thailand,THA,764.0,SE Asia
2023,768,80636930.764,28138341.0,Togo,TGO,768.0,Africa
2023,776,66.26,2.094,Tonga,TON,776.0,Oceania
2023,780,1655194.627,126147.205,Trinidad and Tobago,TTO,780.0,North America
2023,784,1692372758.491,115101304.446,United Arab Emirates,ARE,784.0,MENA
2023,788,8161033.663,515688.0,Tunisia,TUN,788.0,Africa
2023,792,342994554.0,24893138.0,Türkiye,TUR,792.0,MENA
2023,800,21145118.01,8799121.1,Uganda,UGA,800.0,Africa
2023,804,19788207.28,1253954.647,Ukraine,UKR,804.0,Europe
2023,807,4807027.971,448901.389,North Macedonia,MKD,807.0,Europe
2023,818,22187583.964,749168.298,Egypt,EGY,818.0,MENA
2023,826,2161097766.737,84028201.52,United Kingdom,GBR,826.0,Europe
2023,834,31466008.01,18750294.901,United Rep. of Tanzania,TZA,834.0,Africa
2023,842,6249293638.0,173708182.0,USA,USA,840.0,North America
2023,854,14735.54,2092.0,Burkina Faso,BFA,854.0,Africa
2023,858,604250.0,30465.254,Uruguay,URY,858.0,Latin America
2023,860,351414.89,67266.98,Uzbekistan,UZB,860.0,Asia
2023,882,11470.302,2071.173,Samoa,WSM,882.0,Oceania
2023,887,634086.902,188272.0,Yemen,YEM,887.0,Asia
2023,894,6437689.46,1022509.98,Zambia,ZMB,894.0,Africa
2024,8,5301251.477,0.0,Albania,ALB,8.0,Europe
2024,12,57149.237,1792.393,Algeria,DZA,12.0,Africa
2024,24,63934.51,,Angola,AGO,24.0,Africa
2024,28,31303.744,2412.031,Antigua and Barbuda,ATG,28.0,North America
2024,31,588977.08,56833.742,Azerbaijan,AZE,31.0,Asia
2024,32,18590580.5,1197492.54,Argentina,ARG,32.0,Latin America
2024,36,520783220.945,16182249.044,Australia,AUS,36.0,Oceania
2024,40,369993445.291,7158114.475,Austria,AUT,40.0,Europe
2024,44,771.0,209.106,Bahamas,BHS,44.0,North America
2024,48,2748645.204,237361.39,Bahrain,BHR,48.0,Asia
2024,51,7622778.12,316253.37,Armenia,ARM,51.0,Asia
2024,52,392938.5,14056.0,Barbados,BRB,52.0,North America
2024,56,1121470251.875,40593284.497,Belgium,BEL,56.0,Europe
2024,60,21329.27,2669.0,Bermuda,BMU,60.0,North America
2024,68,60752.9,2723.96,Bolivia (Plurinational State of),BOL,68.0,Latin America
2024,70,4560647.034,213499.06,Bosnia Herzegovina,BIH,70.0,Europe
2024,76,122996006.0,6563106.488,Brazil,BRA,76.0,Latin America
2024,84,34170.855,2120.585,Belize,BLZ,84.0,North America
2024,96,1442716.612,48063.54,Brunei Darussalam,BRN,96.0,Asia
2024,100,146887438.722,10959928.766,Bulgaria,BGR,100.0,Europe
2024,104,151892.04,336762.8,Myanmar,MMR,104.0,SE Asia
2024,116,1508315.72,486663.96,Cambodia,KHM,116.0,SE Asia
2024,124,1643401746.606,45641028.219,Canada,CAN,124.0,North America
2024,136,21.5,0.269,Cayman Isds,CYM,136.0,North America
2024,144,4136052.026,422128.719,Sri Lanka,LKA,144.0,South Asia
2024,152,3942454.861,413648.866,Chile,CHL,152.0,Latin America
2024,156,4051029826.0,347092430.444,China,CHN,156.0,East Asia
2024,170,281143865.21,30140381.74,Colombia,COL,170.0,Latin America
2024,188,5306340.69,192424.409,Costa Rica,CRI,188.0,North America
2024,191,239278959.0,4469159.362,Croatia,HRV,191.0,Europe
2024,196,16065016.584,486855.0,Cyprus,CYP,196.0,Asia
2024,203,1229666807.0,29910849.776,Czechia,CZE,203.0,Europe
2024,204,177643.623,177909.0,Benin,BEN,204.0,Africa
2024,208,566654715.311,24373042.204,Denmark,DNK,208.0,Europe
2024,214,14659916.728,1422174.556,Dominican Rep.,DOM,214.0,North America
2024,218,1286579.01,92831.35,Ecuador,ECU,218.0,Latin America
2024,222,2698734.13,811188.33,El Salvador,SLV,222.0,North America
2024,233,101603448.2,3722874.65,Estonia,EST,233.0,Europe
2024,242,3659940.019,242060.964,Fiji,FJI,242.0,Oceania
2024,246,57496218.036,951551.075,Finland,FIN,246.0,Europe
2024,251,12222034874.371,316845632.117,France,FRA,250.0,Europe
2024,258,83753.009,4414.25,French Polynesia,PYF,258.0,Oceania
2024,268,17133755.722,206408.65,Georgia,GEO,268.0,Asia
2024,270,9949.641,11376.0,Gambia,GMB,270.0,Africa
2024,276,4657274727.629,209430662.516,Germany,DEU,276.0,Europe
2024,300,261657729.608,36820276.0,Greece,GRC,300.0,Europe
2024,308,9174.041,288.56,Grenada,GRD,308.0,North America
2024,320,36416804.0,6314950.0,Guatemala,GTM,320.0,North America
2024,328,7798.734,2746.33,Guyana,GUY,328.0,Latin America
2024,340,701585.82,186399.69,Honduras,HND,340.0,North America
2024,344,3354880438.026,102208217.135,"China, Hong Kong SAR",HKG,344.0,East Asia
2024,348,240730536.018,12642707.493,Hungary,HUN,348.0,Europe
2024,352,7848675.586,68344.047,Iceland,ISL,352.0,Europe
2024,360,153755256.556,,Indonesia,IDN,360.0,SE Asia
2024,372,205899289.868,56138021.292,Ireland,IRL,372.0,Europe
2024,376,248233000.0,7459841.961,Israel,ISR,376.0,MENA
2024,380,3035257815.535,103939176.0,Italy,ITA,380.0,Europe
2024,384,203760838.473,86424103.0,Côte d'Ivoire,CIV,384.0,Africa
2024,388,2389217.0,216396.37,Jamaica,JAM,388.0,North America
2024,392,2794033524.678,51788323.111,Japan,JPN,392.0,East Asia
2024,398,52830684.35,1952934.086,Kazakhstan,KAZ,398.0,Asia
2024,400,22885648.283,2832956.55,Jordan,JOR,400.0,MENA
2024,404,24170503.502,7616358.226,Kenya,KEN,404.0,Africa
2024,410,8566628610.0,262965678.397,Rep. of Korea,KOR,410.0,East Asia
2024,414,3814071.0,116715.35,Kuwait,KWT,414.0,MENA
2024,417,4794534.0,1002253.205,Kyrgyzstan,KGZ,417.0,Asia
2024,422,15451184.0,465388.326,Lebanon,LBN,422.0,MENA
2024,426,1224686.584,309262.59,Lesotho,LSO,426.0,Africa
2024,428,100636119.99,2169147.713,Latvia,LVA,428.0,Europe
2024,440,121147272.0,3114515.961,Lithuania,LTU,440.0,Europe
2024,442,101516945.057,8835442.015,Luxembourg,LUX,442.0,Europe
2024,446,15657576.811,51409.012,"China, Macao SAR",MAC,446.0,Asia
2024,450,1173.434,432.73,Madagascar,MDG,450.0,Africa
2024,454,1302.016,807.8,Malawi,MWI,454.0,Africa
2024,458,173269866.767,35242751.331,Malaysia,MYS,458.0,SE Asia
2024,470,2878179.529,35714.0,Malta,MLT,470.0,Europe
2024,478,34392.609,62101.4,Mauritania,MRT,478.0,Africa
2024,480,1929561.789,14097.0,Mauritius,MUS,480.0,Africa
2024,484,445524137.0,0.0,Mexico,MEX,484.0,North America
2024,490,383092962.857,12185551.543,"Other Asia, nes",S19,,Other
2024,498,5045774.0,177443.177,Rep. of Moldova,MDA,498.0,Europe
2024,499,166928.822,4310.99,Montenegro,MNE,499.0,Europe
2024,500,3.704,1.0,Montserrat,MSR,500.0,North America
2024,504,30269263.272,873922.22,Morocco,MAR,504.0,Africa
2024,508,9933.9,342.0,Mozambique,MOZ,508.0,Africa
2024,512,10889071.504,2008572.305,Oman,OMN,512.0,Asia
2024,516,304683.427,80417.12,Namibia,NAM,516.0,Africa
2024,528,1782082083.956,214966002.591,Netherlands,NLD,528.0,Europe
2024,554,65799679.991,,New Zealand,NZL,554.0,Oceania
2024,558,51042.4,9789.2,Nicaragua,NIC,558.0,North America
2024,562,7200.81,1087.0,Niger,NER,562.0,Africa
2024,566,1310777.998,700831.0,Nigeria,NGA,566.0,Africa
2024,579,46185235.477,793937.0,Norway,NOR,578.0,Europe
2024,586,22084790.578,650282.143,Pakistan,PAK,586.0,South Asia
2024,591,1730249.0,260170.0,Panama,PAN,591.0,North America
2024,600,919265.2,127000.089,Paraguay,PRY,600.0,Latin America
2024,604,17701412.97,1532972.994,Peru,PER,604.0,Latin America
2024,608,33755612.0,4536920.72,Philippines,PHL,608.0,SE Asia
2024,616,2722576120.0,150471812.269,Poland,POL,616.0,Europe
2024,620,94105448.628,3667725.068,Portugal,PRT,620.0,Europe
2024,634,1620563.434,0.0,Qatar,QAT,634.0,MENA
2024,642,84683356.68,2238836.018,Romania,ROU,642.0,Europe
2024,682,15628226.543,1015091.0,Saudi Arabia,SAU,682.0,MENA
2024,686,47813889.092,19011166.0,Senegal,SEN,686.0,Africa
2024,688,42153633.0,1850599.74,Serbia,SRB,688.0,Europe
2024,699,493741144.39,49157467.846,India,IND,356.0,South Asia
2024,702,4924728053.462,52621663.815,Singapore,SGP,702.0,SE Asia
2024,703,97154246.037,10461754.0,Slovakia,SVK,703.0,Europe
2024,705,92680355.158,2785647.255,Slovenia,SVN,705.0,Europe
2024,710,355230404.955,69412362.238,South Africa,ZAF,710.0,Africa
2024,716,149188.459,63315.52,Zimbabwe,ZWE,716.0,Africa
2024,724,1887583767.666,145284041.974,Spain,ESP,724.0,Europe
2024,740,108770.209,54064.2,Suriname,SUR,740.0,Latin America
2024,752,532451838.206,14138017.362,Sweden,SWE,752.0,Europe
2024,757,1399235754.785,16609259.075,Switzerland,CHE,756.0,Europe
2024,764,982444845.72,79519958.926,Thailand,THA,764.0,SE Asia
2024,768,64118209.469,24643319.0,Togo,TGO,768.0,Africa
2024,780,924492.305,118651.031,Trinidad and Tobago,TTO,780.0,North America
2024,788,9329259.725,264695.311,Tunisia,TUN,788.0,Africa
2024,792,354220129.0,28198188.628,Türkiye,TUR,792.0,MENA
2024,800,24850040.38,11271657.15,Uganda,UGA,800.0,Africa
2024,804,26665287.19,1568086.419,Ukraine,UKR,804.0,Europe
2024,807,4740382.52,457465.606,North Macedonia,MKD,807.0,Europe
2024,818,22935666.002,720496.08,Egypt,EGY,818.0,MENA
2024,826,2130713946.363,75620152.45,United Kingdom,GBR,826.0,Europe
2024,834,32636232.708,20449338.986,United Rep. of Tanzania,TZA,834.0,Africa
2024,842,6193018765.0,169844791.0,USA,USA,840.0,North America
2024,854,583.047,38.0,Burkina Faso,BFA,854.0,Africa
2024,858,608798.0,25725.0,Uruguay,URY,858.0,Latin America
2024,860,564994.98,43567.863,Uzbekistan,UZB,860.0,Asia
2024,882,2527.047,140.136,Samoa,WSM,882.0,Oceania
2024,887,153467.959,50165.0,Yemen,YEM,887.0,Asia
2024,894,2416355.385,972960.6,Zambia,ZMB,894.0,Africa
